{
    "auc": 0.14285714285714285,
    "accuracy": 0.23076923076923078,
    "precision": 0.25,
    "recall": 0.3333333333333333,
    "confusion_matrix": [
        [
            1,
            6
        ],
        [
            4,
            2
        ]
    ],
    "test_samples": 13,
    "features_used": 22,
    "training_stable": true
}