{
    "test_metrics": {
        "auc_roc": 1.0,
        "accuracy": 1.0,
        "f1_score": 1.0,
        "precision": 1.0,
        "recall_sensitivity": 1.0,
        "specificity": 1.0
    },
    "confusion_matrix": [
        [
            5,
            0
        ],
        [
            0,
            5
        ]
    ],
    "cross_validation": {
        "cv_scores": [
            0.9375,
            0.9375,
            0.8125,
            1.0,
            0.625
        ],
        "mean_cv_auc": 0.8625,
        "std_cv_auc": 0.1334634781503914
    },
    "predictions": {
        "y_test": [
            0,
            0,
            0,
            0,
            1,
            1,
            1,
            1,
            0,
            1
        ],
        "y_pred": [
            0,
            0,
            0,
            0,
            1,
            1,
            1,
            1,
            0,
            1
        ],
        "y_pred_proba": [
            0.3864561732184389,
            0.16766349196249627,
            0.2345665903675516,
            0.41658343610525406,
            0.8333781136005383,
            0.6924338252784888,
            0.902042272733356,
            0.8051833259374249,
            0.22335517567254792,
            0.7787892689083885
        ]
    },
    "selected_methylation_features": [
        "PLCH2",
        "TNFRSF14-AS1",
        "TNFRSF14",
        "C1orf159",
        "SLC35E2B",
        "ATAD3A",
        "SCNN1D",
        "RN7SL657P",
        "MRPL20",
        "GABRD"
    ]
}