{
    "test_metrics": {
        "auc_roc": 0.31999999999999995,
        "accuracy": 0.4,
        "f1_score": 0.5,
        "precision": 0.42857142857142855,
        "recall_sensitivity": 0.6,
        "specificity": 0.2
    },
    "confusion_matrix": [
        [
            1,
            4
        ],
        [
            2,
            3
        ]
    ],
    "cross_validation": {
        "cv_scores": [
            1.0,
            0.875,
            0.9375,
            0.9375,
            1.0
        ],
        "mean_cv_auc": 0.95,
        "std_cv_auc": 0.046770717334674264
    },
    "predictions": {
        "y_test": [
            0,
            0,
            0,
            0,
            1,
            1,
            1,
            1,
            0,
            1
        ],
        "y_pred": [
            0,
            1,
            1,
            1,
            0,
            1,
            0,
            1,
            1,
            1
        ],
        "y_pred_proba": [
            0.19359229327850921,
            0.6978024481464675,
            0.8684129440616717,
            0.897604567591129,
            0.09329965212239794,
            0.7615522515653628,
            0.01120931277372217,
            0.9828258909906825,
            0.8563216013217522,
            0.5254044771689467
        ]
    },
    "selected_methylation_features": [
        "F2R",
        "NCRUPAR",
        "HEATR5A-DT",
        "RNA5SP130",
        "OR13D1",
        "USP49",
        "PTTG1P2",
        "PLLP",
        "SLF2",
        "LOC102725048"
    ]
}