{
    "test_metrics": {
        "auc_roc": 0.9600000000000001,
        "accuracy": 0.9,
        "f1_score": 0.8888888888888888,
        "precision": 1.0,
        "recall_sensitivity": 0.8,
        "specificity": 1.0
    },
    "confusion_matrix": [
        [
            5,
            0
        ],
        [
            1,
            4
        ]
    ],
    "cross_validation": {
        "cv_scores": [
            1.0,
            1.0,
            1.0,
            0.5,
            0.6875
        ],
        "mean_cv_auc": 0.8375,
        "std_cv_auc": 0.2076655965729519
    },
    "predictions": {
        "y_test": [
            0,
            0,
            0,
            0,
            1,
            1,
            1,
            1,
            0,
            1
        ],
        "y_pred": [
            0,
            0,
            0,
            0,
            1,
            1,
            1,
            1,
            0,
            0
        ],
        "y_pred_proba": [
            0.05644749762685312,
            0.000596347225581305,
            0.1528967977266053,
            0.32053364944619744,
            0.8126003917544865,
            0.7310716572264918,
            0.9583350554626854,
            0.9009285641935038,
            0.09496855946410587,
            0.206878226394406
        ]
    },
    "selected_methylation_features": [
        "PLCH2",
        "TNFRSF14-AS1",
        "TNFRSF14",
        "C1orf159",
        "SCNN1D",
        "LOC124903823",
        "UBE2J2",
        "SLC35E2B",
        "TMEM52",
        "LOC100129534"
    ]
}