{
    "test_metrics": {
        "auc_roc": 0.7142857142857143,
        "accuracy": 0.7692307692307693,
        "f1_score": 0.7272727272727273,
        "precision": 0.8,
        "recall_sensitivity": 0.6666666666666666,
        "specificity": 0.8571428571428571
    },
    "confusion_matrix": [
        [
            6,
            1
        ],
        [
            2,
            4
        ]
    ],
    "cross_validation": {
        "cv_scores": [
            1.0,
            1.0,
            1.0,
            1.0,
            0.8333333333333333
        ],
        "mean_cv_auc": 0.9666666666666666,
        "std_cv_auc": 0.0666666666666667
    },
    "predictions": {
        "y_test": [
            1,
            0,
            0,
            0,
            1,
            0,
            1,
            0,
            1,
            1,
            1,
            0,
            0
        ],
        "y_pred": [
            0,
            0,
            1,
            0,
            1,
            0,
            1,
            0,
            0,
            1,
            1,
            0,
            0
        ],
        "y_pred_proba": [
            0.005623409935622574,
            0.38441015439291876,
            0.9982773778560092,
            0.06019290945182673,
            0.9909053872633439,
            0.2793611837940822,
            0.9906841433485738,
            0.003915890352580316,
            0.1997315638393458,
            0.9999979795444016,
            0.999975826588054,
            0.3673823227114197,
            0.01727593703473036
        ]
    }
}