{
    "test_metrics": {
        "auc_roc": 0.9047619047619048,
        "accuracy": 0.7692307692307693,
        "f1_score": 0.7692307692307693,
        "precision": 0.7142857142857143,
        "recall_sensitivity": 0.8333333333333334,
        "specificity": 0.7142857142857143
    },
    "confusion_matrix": [
        [
            5,
            2
        ],
        [
            1,
            5
        ]
    ],
    "cross_validation": {
        "cv_scores": [
            1.0,
            1.0,
            1.0,
            1.0,
            1.0
        ],
        "mean_cv_auc": 1.0,
        "std_cv_auc": 0.0
    },
    "predictions": {
        "y_test": [
            1,
            0,
            0,
            0,
            1,
            0,
            1,
            0,
            1,
            1,
            1,
            0,
            0
        ],
        "y_pred": [
            1,
            1,
            1,
            0,
            0,
            0,
            1,
            0,
            1,
            1,
            1,
            0,
            0
        ],
        "y_pred_proba": [
            0.5040531772845865,
            0.5014499862722567,
            0.5017249697105197,
            0.4961622757446045,
            0.49936127378118084,
            0.494377583690646,
            0.5059907370129885,
            0.49090691542877024,
            0.5001450347751535,
            0.5147529078045449,
            0.5230603277132646,
            0.4954688776497951,
            0.4957333984997016
        ]
    }
}