{
    "test_metrics": {
        "accuracy": 0.6923076923076923,
        "auc_roc": 0.9047619047619048,
        "f1_score": 0.6666666666666666,
        "matthews_corr_coef": 0.38095238095238093,
        "cohens_kappa": 0.38095238095238093,
        "brier_score": 0.19013415579755522,
        "sensitivity": 0.6666666666666666,
        "specificity": 0.7142857142857143,
        "precision": 0.6666666666666666,
        "negative_predictive_value": 0.7142857142857143
    },
    "confusion_matrix": [
        [
            5,
            2
        ],
        [
            2,
            4
        ]
    ],
    "cross_validation": {
        "cv_scores": [
            0.888888888888889,
            1.0,
            1.0,
            1.0,
            1.0
        ],
        "mean_cv_auc": 0.9777777777777779,
        "std_cv_auc": 0.04444444444444442
    },
    "predictions": {
        "y_test": [
            1,
            0,
            0,
            0,
            1,
            0,
            1,
            0,
            1,
            1,
            1,
            0,
            0
        ],
        "y_pred": [
            1,
            0,
            1,
            1,
            1,
            0,
            0,
            0,
            0,
            1,
            1,
            0,
            0
        ],
        "y_pred_proba": [
            0.6369417699713925,
            0.35098977242080365,
            0.5524359434932306,
            0.57133180121543,
            0.5920442666266454,
            0.4173334468379775,
            0.48211418376449594,
            0.469412687679277,
            0.48974130240856373,
            0.6658771213046508,
            0.7231818181818181,
            0.4158173586277002,
            0.366674151773355
        ]
    },
    "data_splits": {
        "train_samples": 29,
        "val_samples": 8,
        "test_samples": 13
    }
}